fecha,uuid,rfc_emisor,nombre_emisor,rfc_receptor,nombre_receptor,subtotal,iva,total,tipo_comprobante,metodo_pago,forma_pago
2026-03-02,DEMO0000-0000-0000-0000-000000000039,TEP991110IJ5,TRANSPORTES EPSILON SA DE CV,TBE980215CD2,TEXTILES BETA SA DE CV,15501.75,2480.28,17982.03,I,PUE,03
2026-03-07,DEMO0000-0000-0000-0000-000000000064,IDE010520GH4,INSUMOS DELTA SA DE CV,COM031122OP8,CONSTRUCTORA OMEGA SA DE CV,62563.73,10010.2,72573.93,I,PUE,03
2026-03-09,DEMO0000-0000-0000-0000-000000000066,IDE010520GH4,INSUMOS DELTA SA DE CV,COM031122OP8,CONSTRUCTORA OMEGA SA DE CV,105330.27,16852.84,122183.11,I,PPD,03
2026-03-12,DEMO0000-0000-0000-0000-000000000075,SET070912MN7,SERVICIOS ETA SA DE CV,CSI060401QR9,COMERCIALIZADORA SIGMA SA DE CV,136335.67,21813.71,158149.38,I,PPD,03
2026-03-14,DEMO0000-0000-0000-0000-000000000007,IDE010520GH4,INSUMOS DELTA SA DE CV,MAL950101AB1,MUEBLES ALFA SA DE CV,176794.44,28287.11,205081.55,I,PUE,03
2026-03-17,DEMO0000-0000-0000-0000-000000000025,PZE050708KL6,PAPELERIA ZETA SA DE CV,MAL950101AB1,MUEBLES ALFA SA DE CV,2481.93,397.11,2879.04,I,PPD,03
2026-03-17,DEMO0000-0000-0000-0000-000000000037,TEP991110IJ5,TRANSPORTES EPSILON SA DE CV,TBE980215CD2,TEXTILES BETA SA DE CV,9859.14,1577.46,11436.6,I,PUE,99
2026-03-17,DEMO0000-0000-0000-0000-000000000068,IDE010520GH4,INSUMOS DELTA SA DE CV,COM031122OP8,CONSTRUCTORA OMEGA SA DE CV,223803.07,35808.49,259611.56,I,PPD,99
2026-03-18,DEMO0000-0000-0000-0000-000000000076,SET070912MN7,SERVICIOS ETA SA DE CV,CSI060401QR9,COMERCIALIZADORA SIGMA SA DE CV,116594.9,18655.18,135250.08,I,PUE,03
2026-03-19,DEMO0000-0000-0000-0000-000000000020,TEP991110IJ5,TRANSPORTES EPSILON SA DE CV,MAL950101AB1,MUEBLES ALFA SA DE CV,22279.45,3564.71,25844.16,I,PPD,99
2026-03-20,DEMO0000-0000-0000-0000-000000000002,IDE010520GH4,INSUMOS DELTA SA DE CV,MAL950101AB1,MUEBLES ALFA SA DE CV,155872.03,24939.52,180811.55,I,PUE,03
2026-03-20,DEMO0000-0000-0000-0000-000000000081,CSI060401QR9,COMERCIALIZADORA SIGMA SA DE CV,COM031122OP8,CONSTRUCTORA OMEGA SA DE CV,108824.84,17411.97,126236.81,I,PPD,03
2026-03-20,DEMO0000-0000-0000-0000-000000000095,SET070912MN7,SERVICIOS ETA SA DE CV,PZE050708KL6,PAPELERIA ZETA SA DE CV,4613.54,738.17,5351.71,I,PUE,03
2026-03-22,DEMO0000-0000-0000-0000-000000000015,TEP991110IJ5,TRANSPORTES EPSILON SA DE CV,MAL950101AB1,MUEBLES ALFA SA DE CV,17765.2,2842.43,20607.63,I,PPD,03
2026-03-22,DEMO0000-0000-0000-0000-000000000054,PZE050708KL6,PAPELERIA ZETA SA DE CV,PGA020310EF3,PANIFICADORA GAMMA SA DE CV,1583.43,253.35,1836.78,I,PUE,99
2026-03-23,DEMO0000-0000-0000-0000-000000000091,LTH040815ST0,LOGISTICA THETA SA DE CV,TBE980215CD2,TEXTILES BETA SA DE CV,33278.21,5324.51,38602.72,I,PUE,03
2026-03-24,DEMO0000-0000-0000-0000-000000000004,IDE010520GH4,INSUMOS DELTA SA DE CV,MAL950101AB1,MUEBLES ALFA SA DE CV,103542.17,16566.75,120108.92,I,PUE,03
2026-03-24,DEMO0000-0000-0000-0000-000000000059,LTH040815ST0,LOGISTICA THETA SA DE CV,PGA020310EF3,PANIFICADORA GAMMA SA DE CV,40829.65,6532.74,47362.39,I,PPD,99
2026-03-24,DEMO0000-0000-0000-0000-000000000094,SET070912MN7,SERVICIOS ETA SA DE CV,PZE050708KL6,PAPELERIA ZETA SA DE CV,4674.37,747.9,5422.27,I,PUE,99
2026-03-25,DEMO0000-0000-0000-0000-000000000005,IDE010520GH4,INSUMOS DELTA SA DE CV,MAL950101AB1,MUEBLES ALFA SA DE CV,119391.38,19102.62,138494.0,I,PUE,03
2026-03-26,DEMO0000-0000-0000-0000-000000000011,IDE010520GH4,INSUMOS DELTA SA DE CV,MAL950101AB1,MUEBLES ALFA SA DE CV,118945.5,19031.28,137976.78,I,PUE,03
2026-03-26,DEMO0000-0000-0000-0000-000000000084,COM031122OP8,CONSTRUCTORA OMEGA SA DE CV,SET070912MN7,SERVICIOS ETA SA DE CV,114683.21,18349.31,133032.52,I,PPD,03
2026-03-28,DEMO0000-0000-0000-0000-000000000044,TEP991110IJ5,TRANSPORTES EPSILON SA DE CV,TBE980215CD2,TEXTILES BETA SA DE CV,18245.11,2919.22,21164.33,I,PPD,99
2026-03-30,DEMO0000-0000-0000-0000-000000000090,LTH040815ST0,LOGISTICA THETA SA DE CV,TBE980215CD2,TEXTILES BETA SA DE CV,40112.50,6418.00,46530.50,I,PUE,03
2026-04-07,DEMO0000-0000-0000-0000-000000000072,IDE010520GH4,INSUMOS DELTA SA DE CV,COM031122OP8,CONSTRUCTORA OMEGA SA DE CV,145228.73,23236.6,168465.33,I,PUE,03
2026-04-09,DEMO0000-0000-0000-0000-000000000030,PZE050708KL6,PAPELERIA ZETA SA DE CV,TBE980215CD2,TEXTILES BETA SA DE CV,1556.83,249.09,1805.92,I,PUE,03
2026-04-09,DEMO0000-0000-0000-0000-000000000041,TEP991110IJ5,TRANSPORTES EPSILON SA DE CV,TBE980215CD2,TEXTILES BETA SA DE CV,16516.14,2642.58,19158.72,I,PPD,03
2026-04-10,DEMO0000-0000-0000-0000-000000000082,CSI060401QR9,COMERCIALIZADORA SIGMA SA DE CV,COM031122OP8,CONSTRUCTORA OMEGA SA DE CV,156067.8,24970.85,181038.65,I,PPD,03
2026-04-12,DEMO0000-0000-0000-0000-000000000038,TEP991110IJ5,TRANSPORTES EPSILON SA DE CV,TBE980215CD2,TEXTILES BETA SA DE CV,8648.92,1383.83,10032.75,I,PUE,03
2026-04-13,DEMO0000-0000-0000-0000-000000000027,PZE050708KL6,PAPELERIA ZETA SA DE CV,MAL950101AB1,MUEBLES ALFA SA DE CV,3521.34,563.41,4084.75,I,PPD,03
2026-04-13,DEMO0000-0000-0000-0000-000000000048,LTH040815ST0,LOGISTICA THETA SA DE CV,TBE980215CD2,TEXTILES BETA SA DE CV,31006.33,4961.01,35967.34,I,PUE,03
2026-04-14,DEMO0000-0000-0000-0000-000000000061,LTH040815ST0,LOGISTICA THETA SA DE CV,PGA020310EF3,PANIFICADORA GAMMA SA DE CV,47752.04,7640.33,55392.37,I,PUE,03
2026-04-17,DEMO0000-0000-0000-0000-000000000071,IDE010520GH4,INSUMOS DELTA SA DE CV,COM031122OP8,CONSTRUCTORA OMEGA SA DE CV,169539.84,27126.37,196666.21,I,PUE,03
2026-04-21,DEMO0000-0000-0000-0000-000000000055,PZE050708KL6,PAPELERIA ZETA SA DE CV,PGA020310EF3,PANIFICADORA GAMMA SA DE CV,1946.99,311.52,2258.51,I,PPD,03
2026-04-28,DEMO0000-0000-0000-0000-000000000006,IDE010520GH4,INSUMOS DELTA SA DE CV,MAL950101AB1,MUEBLES ALFA SA DE CV,130134.5,20821.52,150956.02,I,PUE,99
2026-05-04,DEMO0000-0000-0000-0000-000000000026,PZE050708KL6,PAPELERIA ZETA SA DE CV,MAL950101AB1,MUEBLES ALFA SA DE CV,3290.54,526.49,3817.03,I,PPD,03
2026-05-05,DEMO0000-0000-0000-0000-000000000083,CSI060401QR9,COMERCIALIZADORA SIGMA SA DE CV,COM031122OP8,CONSTRUCTORA OMEGA SA DE CV,152384.13,24381.46,176765.59,I,PPD,03
2026-05-08,DEMO0000-0000-0000-0000-000000000032,PZE050708KL6,PAPELERIA ZETA SA DE CV,TBE980215CD2,TEXTILES BETA SA DE CV,2412.3,385.97,2798.27,I,PUE,99
2026-05-10,DEMO0000-0000-0000-0000-000000000092,LTH040815ST0,LOGISTICA THETA SA DE CV,PGA020310EF3,PANIFICADORA GAMMA SA DE CV,37845.26,6055.24,43900.50,I,PPD,03
2026-05-12,DEMO0000-0000-0000-0000-000000000052,PZE050708KL6,PAPELERIA ZETA SA DE CV,PGA020310EF3,PANIFICADORA GAMMA SA DE CV,2363.94,378.23,2742.17,I,PUE,03
2026-05-15,DEMO0000-0000-0000-0000-000000000008,IDE010520GH4,INSUMOS DELTA SA DE CV,MAL950101AB1,MUEBLES ALFA SA DE CV,101583.77,16253.4,117837.17,I,PUE,03
2026-05-17,DEMO0000-0000-0000-0000-000000000014,IDE010520GH4,INSUMOS DELTA SA DE CV,MAL950101AB1,MUEBLES ALFA SA DE CV,78537.59,12566.01,91103.6,I,PUE,03
2026-05-23,DEMO0000-0000-0000-0000-000000000001,IDE010520GH4,INSUMOS DELTA SA DE CV,MAL950101AB1,MUEBLES ALFA SA DE CV,172961.82,27673.89,200635.71,I,PPD,03
2026-05-24,DEMO0000-0000-0000-0000-000000000073,IDE010520GH4,INSUMOS DELTA SA DE CV,COM031122OP8,CONSTRUCTORA OMEGA SA DE CV,182819.65,29251.14,212070.79,I,PPD,03
2026-05-27,DEMO0000-0000-0000-0000-000000000088,COM031122OP8,CONSTRUCTORA OMEGA SA DE CV,SET070912MN7,SERVICIOS ETA SA DE CV,125121.37,20019.42,145140.79,I,PPD,03
2026-05-28,DEMO0000-0000-0000-0000-000000000019,TEP991110IJ5,TRANSPORTES EPSILON SA DE CV,MAL950101AB1,MUEBLES ALFA SA DE CV,19820.02,3171.2,22991.22,I,PPD,99
2026-06-01,DEMO0000-0000-0000-0000-000000000029,PZE050708KL6,PAPELERIA ZETA SA DE CV,MAL950101AB1,MUEBLES ALFA SA DE CV,4572.25,731.56,5303.81,I,PPD,03
2026-06-01,DEMO0000-0000-0000-0000-000000000087,COM031122OP8,CONSTRUCTORA OMEGA SA DE CV,SET070912MN7,SERVICIOS ETA SA DE CV,109341.21,17494.59,126835.8,I,PPD,03
2026-06-08,DEMO0000-0000-0000-0000-000000000023,TEP991110IJ5,TRANSPORTES EPSILON SA DE CV,MAL950101AB1,MUEBLES ALFA SA DE CV,23079.68,3692.75,26772.43,I,PPD,03
2026-06-08,DEMO0000-0000-0000-0000-000000000089,LTH040815ST0,LOGISTICA THETA SA DE CV,PGA020310EF3,PANIFICADORA GAMMA SA DE CV,36574.89,5851.98,42426.87,I,PPD,03
2026-06-12,DEMO0000-0000-0000-0000-000000000036,PZE050708KL6,PAPELERIA ZETA SA DE CV,TBE980215CD2,TEXTILES BETA SA DE CV,2894.72,463.16,3357.88,I,PPD,99
2026-06-12,DEMO0000-0000-0000-0000-000000000050,LTH040815ST0,LOGISTICA THETA SA DE CV,TBE980215CD2,TEXTILES BETA SA DE CV,48294.29,7727.09,56021.38,I,PUE,03
2026-06-12,DEMO0000-0000-0000-0000-000000000060,LTH040815ST0,LOGISTICA THETA SA DE CV,PGA020310EF3,PANIFICADORA GAMMA SA DE CV,38760.7,6201.71,44962.41,I,PUE,03
2026-06-13,DEMO0000-0000-0000-0000-000000000093,SET070912MN7,SERVICIOS ETA SA DE CV,PZE050708KL6,PAPELERIA ZETA SA DE CV,3896.21,623.39,4519.6,I,PPD,03
2026-06-20,DEMO0000-0000-0000-0000-000000000028,PZE050708KL6,PAPELERIA ZETA SA DE CV,MAL950101AB1,MUEBLES ALFA SA DE CV,5387.93,862.07,6250.0,I,PPD,99
2026-06-21,DEMO0000-0000-0000-0000-000000000065,IDE010520GH4,INSUMOS DELTA SA DE CV,COM031122OP8,CONSTRUCTORA OMEGA SA DE CV,237578.9,38012.62,275591.52,I,PUE,03
2026-06-23,DEMO0000-0000-0000-0000-000000000080,CSI060401QR9,COMERCIALIZADORA SIGMA SA DE CV,COM031122OP8,CONSTRUCTORA OMEGA SA DE CV,115538.69,18486.19,134024.88,I,PUE,99
2026-06-24,DEMO0000-0000-0000-0000-000000000016,TEP991110IJ5,TRANSPORTES EPSILON SA DE CV,MAL950101AB1,MUEBLES ALFA SA DE CV,12894.94,2063.19,14958.13,I,PUE,03
2026-06-24,DEMO0000-0000-0000-0000-000000000053,PZE050708KL6,PAPELERIA ZETA SA DE CV,PGA020310EF3,PANIFICADORA GAMMA SA DE CV,3406.55,545.05,3951.6,I,PPD,03
2026-06-24,DEMO0000-0000-0000-0000-000000000079,CSI060401QR9,COMERCIALIZADORA SIGMA SA DE CV,COM031122OP8,CONSTRUCTORA OMEGA SA DE CV,103913.74,16626.2,120539.94,I,PUE,99
2026-06-25,DEMO0000-0000-0000-0000-000000000077,SET070912MN7,SERVICIOS ETA SA DE CV,CSI060401QR9,COMERCIALIZADORA SIGMA SA DE CV,120489.37,19278.3,139767.67,I,PPD,03
2026-06-28,DEMO0000-0000-0000-0000-000000000024,PZE050708KL6,PAPELERIA ZETA SA DE CV,MAL950101AB1,MUEBLES ALFA SA DE CV,3099.59,495.93,3595.52,I,PUE,99
2026-06-29,DEMO0000-0000-0000-0000-000000000013,IDE010520GH4,INSUMOS DELTA SA DE CV,MAL950101AB1,MUEBLES ALFA SA DE CV,124050.85,19848.14,143898.99,I,PPD,03
2026-07-01,DEMO0000-0000-0000-0000-000000000042,TEP991110IJ5,TRANSPORTES EPSILON SA DE CV,TBE980215CD2,TEXTILES BETA SA DE CV,8842.63,1414.82,10257.45,I,PPD,99
2026-07-02,DEMO0000-0000-0000-0000-000000000043,TEP991110IJ5,TRANSPORTES EPSILON SA DE CV,TBE980215CD2,TEXTILES BETA SA DE CV,14257.52,2281.2,16538.72,I,PUE,03
2026-07-02,DEMO0000-0000-0000-0000-000000000056,LTH040815ST0,LOGISTICA THETA SA DE CV,PGA020310EF3,PANIFICADORA GAMMA SA DE CV,44731.17,7156.99,51888.16,I,PPD,03
2026-07-02,DEMO0000-0000-0000-0000-000000000058,LTH040815ST0,LOGISTICA THETA SA DE CV,PGA020310EF3,PANIFICADORA GAMMA SA DE CV,44004.4,7040.7,51045.1,I,PPD,03
2026-07-05,DEMO0000-0000-0000-0000-000000000018,TEP991110IJ5,TRANSPORTES EPSILON SA DE CV,MAL950101AB1,MUEBLES ALFA SA DE CV,15168.87,2427.02,17595.89,I,PUE,03
2026-07-11,DEMO0000-0000-0000-0000-000000000017,TEP991110IJ5,TRANSPORTES EPSILON SA DE CV,MAL950101AB1,MUEBLES ALFA SA DE CV,15108.09,2417.29,17525.38,I,PPD,03
2026-07-11,DEMO0000-0000-0000-0000-000000000086,COM031122OP8,CONSTRUCTORA OMEGA SA DE CV,SET070912MN7,SERVICIOS ETA SA DE CV,115055.25,18408.84,133464.09,I,PPD,03
2026-07-12,DEMO0000-0000-0000-0000-000000000051,PZE050708KL6,PAPELERIA ZETA SA DE CV,PGA020310EF3,PANIFICADORA GAMMA SA DE CV,2427.62,388.42,2816.04,I,PUE,03
2026-07-15,DEMO0000-0000-0000-0000-000000000046,LTH040815ST0,LOGISTICA THETA SA DE CV,TBE980215CD2,TEXTILES BETA SA DE CV,31278.86,5004.62,36283.48,I,PUE,03
2026-07-16,DEMO0000-0000-0000-0000-000000000033,PZE050708KL6,PAPELERIA ZETA SA DE CV,TBE980215CD2,TEXTILES BETA SA DE CV,2787.79,446.05,3233.84,I,PPD,03
2026-07-16,DEMO0000-0000-0000-0000-000000000070,IDE010520GH4,INSUMOS DELTA SA DE CV,COM031122OP8,CONSTRUCTORA OMEGA SA DE CV,87330.55,13972.89,101303.44,I,PUE,99
2026-07-23,DEMO0000-0000-0000-0000-000000000009,IDE010520GH4,INSUMOS DELTA SA DE CV,MAL950101AB1,MUEBLES ALFA SA DE CV,155177.06,24828.33,180005.39,I,PUE,03
2026-07-23,DEMO0000-0000-0000-0000-000000000074,SET070912MN7,SERVICIOS ETA SA DE CV,CSI060401QR9,COMERCIALIZADORA SIGMA SA DE CV,93409.35,14945.5,108354.85,I,PUE,03
2026-07-28,DEMO0000-0000-0000-0000-000000000010,IDE010520GH4,INSUMOS DELTA SA DE CV,MAL950101AB1,MUEBLES ALFA SA DE CV,122112.59,19538.01,141650.6,I,PUE,03
2026-07-29,DEMO0000-0000-0000-0000-000000000003,IDE010520GH4,INSUMOS DELTA SA DE CV,MAL950101AB1,MUEBLES ALFA SA DE CV,52829.85,8452.78,61282.63,I,PUE,03
2026-07-30,DEMO0000-0000-0000-0000-000000000067,IDE010520GH4,INSUMOS DELTA SA DE CV,COM031122OP8,CONSTRUCTORA OMEGA SA DE CV,118678.08,18988.49,137666.57,I,PPD,03
2026-07-31,DEMO0000-0000-0000-0000-000000000062,LTH040815ST0,LOGISTICA THETA SA DE CV,PGA020310EF3,PANIFICADORA GAMMA SA DE CV,44574.68,7131.95,51706.63,I,PUE,99
2026-08-06,DEMO0000-0000-0000-0000-000000000040,TEP991110IJ5,TRANSPORTES EPSILON SA DE CV,TBE980215CD2,TEXTILES BETA SA DE CV,7382.51,1181.2,8563.71,I,PUE,99
2026-08-07,DEMO0000-0000-0000-0000-000000000012,IDE010520GH4,INSUMOS DELTA SA DE CV,MAL950101AB1,MUEBLES ALFA SA DE CV,72804.43,11648.71,84453.14,I,PPD,03
2026-08-11,DEMO0000-0000-0000-0000-000000000049,LTH040815ST0,LOGISTICA THETA SA DE CV,TBE980215CD2,TEXTILES BETA SA DE CV,25036.88,4005.9,29042.78,I,PUE,03
2026-08-13,DEMO0000-0000-0000-0000-000000000047,LTH040815ST0,LOGISTICA THETA SA DE CV,TBE980215CD2,TEXTILES BETA SA DE CV,53849.63,8615.94,62465.57,I,PPD,03
2026-08-14,DEMO0000-0000-0000-0000-000000000022,TEP991110IJ5,TRANSPORTES EPSILON SA DE CV,MAL950101AB1,MUEBLES ALFA SA DE CV,17825.09,2852.01,20677.1,I,PPD,03
2026-08-17,DEMO0000-0000-0000-0000-000000000031,PZE050708KL6,PAPELERIA ZETA SA DE CV,TBE980215CD2,TEXTILES BETA SA DE CV,2203.35,352.54,2555.89,I,PPD,03
2026-08-17,DEMO0000-0000-0000-0000-000000000063,IDE010520GH4,INSUMOS DELTA SA DE CV,COM031122OP8,CONSTRUCTORA OMEGA SA DE CV,228744.15,36599.06,265343.21,I,PUE,03
2026-08-18,DEMO0000-0000-0000-0000-000000000057,LTH040815ST0,LOGISTICA THETA SA DE CV,PGA020310EF3,PANIFICADORA GAMMA SA DE CV,16316.53,2610.64,18927.17,I,PPD,03
2026-08-18,DEMO0000-0000-0000-0000-000000000069,IDE010520GH4,INSUMOS DELTA SA DE CV,COM031122OP8,CONSTRUCTORA OMEGA SA DE CV,165002.78,26400.44,191403.22,I,PPD,03
2026-08-19,DEMO0000-0000-0000-0000-000000000085,COM031122OP8,CONSTRUCTORA OMEGA SA DE CV,SET070912MN7,SERVICIOS ETA SA DE CV,143773.79,23003.81,166777.6,I,PUE,99
2026-08-23,DEMO0000-0000-0000-0000-000000000035,PZE050708KL6,PAPELERIA ZETA SA DE CV,TBE980215CD2,TEXTILES BETA SA DE CV,4630.85,740.94,5371.79,I,PPD,99
2026-08-25,DEMO0000-0000-0000-0000-000000000034,PZE050708KL6,PAPELERIA ZETA SA DE CV,TBE980215CD2,TEXTILES BETA SA DE CV,4894.57,783.13,5677.7,I,PUE,99
2026-08-26,DEMO0000-0000-0000-0000-000000000045,LTH040815ST0,LOGISTICA THETA SA DE CV,TBE980215CD2,TEXTILES BETA SA DE CV,22264.74,3562.36,25827.1,I,PUE,03
2026-08-27,DEMO0000-0000-0000-0000-000000000021,TEP991110IJ5,TRANSPORTES EPSILON SA DE CV,MAL950101AB1,MUEBLES ALFA SA DE CV,19290.59,3086.49,22377.08,I,PUE,03
2026-08-27,DEMO0000-0000-0000-0000-000000000078,SET070912MN7,SERVICIOS ETA SA DE CV,CSI060401QR9,COMERCIALIZADORA SIGMA SA DE CV,121392.58,19422.81,140815.39,I,PPD,03
