uuid,fecha_emision,tipo,metodo_pago,receptor,subtotal,iva,total,estatus,fecha_cancelacion
A1000000-0000-4000-8000-000000000001,2026-07-03,I,PUE,Cliente Alfa SA de CV,20000.00,3200.00,23200.00,Vigente,
A1000000-0000-4000-8000-000000000002,2026-07-15,I,PUE,Cliente Beta SC,15000.00,2400.00,17400.00,Vigente,
A1000000-0000-4000-8000-000000000003,2026-07-28,I,PPD,Cliente Gamma SA de CV,30000.00,4800.00,34800.00,Vigente,
A1000000-0000-4000-8000-000000000004,2026-08-05,I,PUE,Cliente Alfa SA de CV,20000.00,3200.00,23200.00,Vigente,
A1000000-0000-4000-8000-000000000005,2026-08-19,I,PUE,Cliente Delta SAPI de CV,12000.00,1920.00,13920.00,Vigente,
P1000000-0000-4000-8000-000000000006,2026-08-20,P,,Cliente Gamma SA de CV,0.00,0.00,0.00,Vigente,
A1000000-0000-4000-8000-000000000007,2026-09-02,I,PUE,Cliente Alfa SA de CV,20000.00,3200.00,23200.00,Vigente,
A1000000-0000-4000-8000-000000000008,2026-09-10,I,PUE,Cliente Epsilon SC,18000.00,2880.00,20880.00,Vigente,
A1000000-0000-4000-8000-000000000009,2026-09-22,I,PUE,Cliente Beta SC,15000.00,2400.00,17400.00,Cancelado,2026-09-25
A1000000-0000-4000-8000-000000000010,2026-09-25,I,PUE,Cliente Beta SC,15000.00,2400.00,17400.00,Vigente,
