fecha,concepto,deposito,retiro
2026-07-04,SPEI RECIBIDO CLIENTE ALFA,23200.00,
2026-07-16,SPEI RECIBIDO CLIENTE BETA,17400.00,
2026-07-30,TRASPASO ENTRE CUENTAS PROPIAS,25000.00,
2026-08-06,SPEI RECIBIDO CLIENTE ALFA,23200.00,
2026-08-19,SPEI RECIBIDO DELTA SAPI,13920.00,
2026-08-20,SPEI RECIBIDO GAMMA,34800.00,
2026-08-25,DEPOSITO EN EFECTIVO VENTANILLA,80000.00,
2026-09-03,SPEI RECIBIDO CLIENTE ALFA,23200.00,
2026-09-12,SPEI RECIBIDO EPSILON SC,20880.00,
2026-09-26,SPEI RECIBIDO CLIENTE BETA,17400.00,
